Iuvaret0,Apeirian0,Adipisci0,Definiebas0,Consequuntur0,Phaedrum0,"
                <a href=""#edit"">edit</a>
                <a href=""#delete"">delete</a>
              ",Iuvaret1,Apeirian1,Adipisci1,Definiebas1,Consequuntur1,Phaedrum1,"
                <a href=""#edit"">edit</a>
                <a href=""#delete"">delete</a>
              ",Iuvaret2,Apeirian2,Adipisci2,Definiebas2,Consequuntur2,Phaedrum2,"
                <a href=""#edit"">edit</a>
                <a href=""#delete"">delete</a>
              ",Iuvaret3,Apeirian3,Adipisci3,Definiebas3,Consequuntur3,Phaedrum3,"
                <a href=""#edit"">edit</a>
                <a href=""#delete"">delete</a>
              ",Iuvaret4,Apeirian4,Adipisci4,Definiebas4,Consequuntur4,Phaedrum4,"
                <a href=""#edit"">edit</a>
                <a href=""#delete"">delete</a>
              ",Iuvaret5,Apeirian5,Adipisci5,Definiebas5,Consequuntur5,Phaedrum5,"
                <a href=""#edit"">edit</a>
                <a href=""#delete"">delete</a>
              ",Iuvaret6,Apeirian6,Adipisci6,Definiebas6,Consequuntur6,Phaedrum6,"
                <a href=""#edit"">edit</a>
                <a href=""#delete"">delete</a>
              ",Iuvaret7,Apeirian7,Adipisci7,Definiebas7,Consequuntur7,Phaedrum7,"
                <a href=""#edit"">edit</a>
                <a href=""#delete"">delete</a>
              ",Iuvaret8,Apeirian8,Adipisci8,Definiebas8,Consequuntur8,Phaedrum8,"
                <a href=""#edit"">edit</a>
                <a href=""#delete"">delete</a>
              ",Iuvaret9,Apeirian9,Adipisci9,Definiebas9,Consequuntur9,Phaedrum9,"
                <a href=""#edit"">edit</a>
                <a href=""#delete"">delete</a>
              "
